X,Y,Z,Anomaly
854539.6838368422,988304.0624842106,2505.933415421579,-13.328971239319998
854440.4733105263,988512.4835368422,2533.9549806284213,-12.85489334667755
855333.3680473685,988199.8519578947,2505.933415421579,-12.100534132417804
854341.2627842106,987730.9045894737,2702.0843718694737,-14.506781205226627
854043.6312052632,988512.4835368422,2421.868719801053,-12.038879109769585
854638.8943631579,987939.3256421053,2674.062806662632,-16.975202311705306
854440.4733105263,987783.0098526316,2618.0196762489477,-15.664120870289347
854440.4733105263,987939.3256421053,2730.105937076316,-15.991829471491542
854638.8943631579,988460.3782736842,2533.9549806284213,-13.680854144253585
854539.6838368422,988512.4835368422,2618.0196762489477,-15.459568524882934
854738.1048894738,988199.8519578947,2618.0196762489477,-16.685624268623954
854341.2627842106,987991.4309052632,2702.0843718694737,-16.025728756504066
854837.3154157895,987939.3256421053,2505.933415421579,-13.469590627292856
854936.5259421053,987939.3256421053,2533.9549806284213,-14.196896406799947
854738.1048894738,987574.5888,2561.976545835263,-12.795514142634124
855432.5785736842,988304.0624842106,2561.976545835263,-10.996154553737021
854043.6312052632,988199.8519578947,2449.890285007895,-14.17764655810992
854539.6838368422,988356.1677473685,2674.062806662632,-16.260365213615252
855234.1575210526,988251.9572210526,2505.933415421579,-12.355228604774595
853944.4206789475,987626.6940631579,2337.8040241805265,-9.937353444909833
854936.5259421053,987678.7993263159,2618.0196762489477,-13.596257367451734
854638.8943631579,988147.7466947369,2477.911850214737,-12.850240626347478
854936.5259421053,987887.2203789474,2589.9981110421054,-15.311483775977118
854638.8943631579,987991.4309052632,2730.105937076316,-16.21127177145022
854242.0522578948,988460.3782736842,2477.911850214737,-13.320647185430593
854341.2627842106,987626.6940631579,2702.0843718694737,-12.978962268236039
854440.4733105263,988043.536168421,2758.127502283158,-16.263190265606724
854440.4733105263,987574.5888,2646.0412414557895,-12.564109530543215
854341.2627842106,988304.0624842106,2589.9981110421054,-15.615581007722906
854837.3154157895,988460.3782736842,2505.933415421579,-12.062387058500413
854242.0522578948,987939.3256421053,2618.0196762489477,-16.032612636331397
854738.1048894738,988199.8519578947,2449.890285007895,-10.81767367069579
854638.8943631579,987835.1151157895,2561.976545835263,-15.063097976101703
854837.3154157895,987991.4309052632,2730.105937076316,-15.213128601509526
853944.4206789475,988251.9572210526,2421.868719801053,-13.807632260977737
854341.2627842106,987991.4309052632,2589.9981110421054,-15.476154774548037
854936.5259421053,988043.536168421,2646.0412414557895,-17.195422732707183
854738.1048894738,988095.641431579,2449.890285007895,-11.356874953693113
854539.6838368422,988043.536168421,2505.933415421579,-13.689530992233031
853944.4206789475,988408.2730105263,2421.868719801053,-13.71562003804971
855134.9469947369,987783.0098526316,2589.9981110421054,-14.22529957658529
854440.4733105263,988199.8519578947,2421.868719801053,-10.565341955296937
854638.8943631579,988043.536168421,2702.0843718694737,-16.823691555544876
854539.6838368422,987783.0098526316,2393.8471545942107,-11.273004239664312
854440.4733105263,987991.4309052632,2421.868719801053,-11.705287609782324
854539.6838368422,988251.9572210526,2561.976545835263,-14.805357579296865
854539.6838368422,987626.6940631579,2505.933415421579,-12.930779538786854
855234.1575210526,988304.0624842106,2533.9549806284213,-12.929147814492794
855134.9469947369,988251.9572210526,2674.062806662632,-14.116765723076245
854142.841731579,987678.7993263159,2561.976545835263,-13.132976505390372
855134.9469947369,987887.2203789474,2561.976545835263,-15.141525572735809
855234.1575210526,987991.4309052632,2505.933415421579,-13.075380691577774
854341.2627842106,988095.641431579,2393.8471545942107,-9.934591186058205
855234.1575210526,988304.0624842106,2561.976545835263,-13.604255831205966
854539.6838368422,987678.7993263159,2561.976545835263,-15.071317368446715
854242.0522578948,987626.6940631579,2505.933415421579,-12.913820072701807
854341.2627842106,987574.5888,2674.062806662632,-12.802448326644285
855035.7364684211,987991.4309052632,2505.933415421579,-13.251503200908376
854638.8943631579,988408.2730105263,2646.0412414557895,-16.674210608654928
854936.5259421053,988043.536168421,2505.933415421579,-13.03915433392468
854738.1048894738,988304.0624842106,2449.890285007895,-10.750838071741114
854638.8943631579,988356.1677473685,2477.911850214737,-11.638346805041676
854341.2627842106,987574.5888,2477.911850214737,-12.075433665754078
853745.9996263159,988095.641431579,2393.8471545942107,-12.92234203079245
854440.4733105263,988304.0624842106,2646.0412414557895,-16.437475932122116
854638.8943631579,988147.7466947369,2618.0196762489477,-16.640020175502578
854242.0522578948,987626.6940631579,2618.0196762489477,-13.517401230155048
854837.3154157895,987574.5888,2561.976545835263,-12.58389461288994
854341.2627842106,988043.536168421,2421.868719801053,-12.06344522037649
854837.3154157895,988251.9572210526,2561.976545835263,-14.585765312068848
855234.1575210526,987730.9045894737,2505.933415421579,-12.610883642218472
854837.3154157895,988147.7466947369,2646.0412414557895,-16.560215736765564
853745.9996263159,987574.5888,2281.7608937668424,-7.965974928890283
854341.2627842106,988147.7466947369,2589.9981110421054,-15.54846925284943
853845.2101526316,987678.7993263159,2281.7608937668424,-8.525779597305068
854539.6838368422,987783.0098526316,2449.890285007895,-13.698515589464154
854936.5259421053,987835.1151157895,2561.976545835263,-14.910425583564761
854738.1048894738,987730.9045894737,2674.062806662632,-14.338242376092644
854738.1048894738,987835.1151157895,2505.933415421579,-13.72590498448615
854242.0522578948,987678.7993263159,2337.8040241805265,-10.078279213784903
854539.6838368422,987730.9045894737,2730.105937076316,-14.631294018790372
855234.1575210526,987887.2203789474,2505.933415421579,-13.324375879528557
854142.841731579,987991.4309052632,2533.9549806284213,-14.563420085817013
855234.1575210526,987678.7993263159,2533.9549806284213,-11.883278431009671
854440.4733105263,988251.9572210526,2505.933415421579,-13.722543656094093
854242.0522578948,988251.9572210526,2393.8471545942107,-10.336966792537805
854638.8943631579,988251.9572210526,2561.976545835263,-14.866678223549282
853845.2101526316,988147.7466947369,2421.868719801053,-14.210343369767319
854440.4733105263,987939.3256421053,2393.8471545942107,-10.711882827046642
853944.4206789475,987887.2203789474,2449.890285007895,-14.822973220906484
854738.1048894738,987939.3256421053,2449.890285007895,-11.936076827375606
855134.9469947369,987835.1151157895,2589.9981110421054,-14.702475242614984
854142.841731579,987835.1151157895,2449.890285007895,-14.334525978582201
854341.2627842106,988095.641431579,2449.890285007895,-12.983987739104757
854440.4733105263,988199.8519578947,2589.9981110421054,-16.1288038523518
854341.2627842106,987991.4309052632,2421.868719801053,-12.068831326545396
854936.5259421053,987783.0098526316,2646.0412414557895,-14.401129098725077
854440.4733105263,987626.6940631579,2646.0412414557895,-13.816867061629942
854738.1048894738,988460.3782736842,2646.0412414557895,-15.009820525990031
853944.4206789475,987991.4309052632,2533.9549806284213,-14.478716403320272
854341.2627842106,988564.5888,2533.9549806284213,-12.625406227412034
854440.4733105263,987626.6940631579,2393.8471545942107,-10.97004859083123
854638.8943631579,987783.0098526316,2421.868719801053,-12.056764816906506
854936.5259421053,988147.7466947369,2646.0412414557895,-17.088424838238634
854341.2627842106,988356.1677473685,2589.9981110421054,-15.052807710470834
854043.6312052632,987887.2203789474,2533.9549806284213,-14.726226603479077
854936.5259421053,988095.641431579,2477.911850214737,-12.097583071623749
854341.2627842106,987574.5888,2646.0412414557895,-12.86812911478693
854242.0522578948,988095.641431579,2674.062806662632,-16.25985662819573
854440.4733105263,988356.1677473685,2533.9549806284213,-13.945050127121533
853646.7891,987939.3256421053,2309.7824589736842,-8.934730151866864
854936.5259421053,988043.536168421,2618.0196762489477,-16.2021507802637
854738.1048894738,987730.9045894737,2618.0196762489477,-16.35321296687531
855134.9469947369,988147.7466947369,2533.9549806284213,-13.680743828261134
854043.6312052632,988043.536168421,2449.890285007895,-14.289616073893965
854242.0522578948,987678.7993263159,2618.0196762489477,-14.768138108415977
854738.1048894738,987887.2203789474,2505.933415421579,-13.757088650986235
855333.3680473685,987730.9045894737,2561.976545835263,-10.973655879842243
854638.8943631579,988199.8519578947,2618.0196762489477,-16.359311354335425
854341.2627842106,988304.0624842106,2533.9549806284213,-14.832620366134089
855234.1575210526,988147.7466947369,2477.911850214737,-10.319620923929117
853745.9996263159,988199.8519578947,2393.8471545942107,-12.94804220588168
854936.5259421053,987678.7993263159,2505.933415421579,-13.098100749823107
854539.6838368422,987991.4309052632,2674.062806662632,-16.190206702385485
855432.5785736842,987835.1151157895,2505.933415421579,-10.638873570592457
854341.2627842106,987887.2203789474,2730.105937076316,-15.798568680731847
854242.0522578948,988095.641431579,2449.890285007895,-12.809147657262258
855333.3680473685,987835.1151157895,2561.976545835263,-11.893015790808514
855333.3680473685,987730.9045894737,2533.9549806284213,-11.455577344790932
854539.6838368422,988095.641431579,2393.8471545942107,-9.679703129645752
854043.6312052632,988147.7466947369,2561.976545835263,-15.39199309776493
854242.0522578948,988356.1677473685,2561.976545835263,-14.809388789071711
855333.3680473685,988512.4835368422,2589.9981110421054,-10.529427384906024
854341.2627842106,988251.9572210526,2646.0412414557895,-16.44228129720408
854539.6838368422,987574.5888,2421.868719801053,-10.99078713498864
854738.1048894738,988043.536168421,2505.933415421579,-13.873965057311707
854837.3154157895,988043.536168421,2646.0412414557895,-16.201979876419344
854440.4733105263,987626.6940631579,2449.890285007895,-12.610079762020204
855234.1575210526,988460.3782736842,2505.933415421579,-10.655857142246399
854341.2627842106,987730.9045894737,2674.062806662632,-15.052117971180014
854539.6838368422,988304.0624842106,2646.0412414557895,-16.514735998306037
855035.7364684211,987887.2203789474,2449.890285007895,-10.852826661308795
854142.841731579,988512.4835368422,2477.911850214737,-13.144985716837962
855234.1575210526,988251.9572210526,2533.9549806284213,-13.562001031062696
854539.6838368422,988095.641431579,2505.933415421579,-13.757383473892732
854142.841731579,988304.0624842106,2393.8471545942107,-10.529249330276993
855432.5785736842,988304.0624842106,2533.9549806284213,-11.236643409076775
854936.5259421053,987887.2203789474,2561.976545835263,-14.837293497195345
854440.4733105263,988512.4835368422,2618.0196762489477,-15.33354543024451
855134.9469947369,987574.5888,2589.9981110421054,-9.543661585778596
855234.1575210526,987939.3256421053,2589.9981110421054,-13.949424306862163
855035.7364684211,988043.536168421,2505.933415421579,-13.042226606007436
854936.5259421053,988251.9572210526,2449.890285007895,-10.586276671424162
854242.0522578948,987678.7993263159,2421.868719801053,-12.25437727726337
854043.6312052632,988408.2730105263,2505.933415421579,-13.379668254669651
854936.5259421053,987783.0098526316,2561.976545835263,-14.702203250652989
854142.841731579,987991.4309052632,2365.8255893873684,-10.071605002443853
853646.7891,988147.7466947369,2337.8040241805265,-8.790877507335882
854837.3154157895,988356.1677473685,2505.933415421579,-12.217169315919715
854936.5259421053,988356.1677473685,2589.9981110421054,-15.48777065048479
853845.2101526316,988043.536168421,2337.8040241805265,-9.940994294645654
854837.3154157895,988564.5888,2589.9981110421054,-12.723984783769401
854638.8943631579,988095.641431579,2505.933415421579,-13.427199224277999
854142.841731579,987730.9045894737,2337.8040241805265,-10.151495288821401
853944.4206789475,987730.9045894737,2393.8471545942107,-12.295321189705419
854539.6838368422,987730.9045894737,2674.062806662632,-15.382216176578245
854341.2627842106,987835.1151157895,2449.890285007895,-13.745739962718288
853745.9996263159,987991.4309052632,2421.868719801053,-12.407759246927975
854936.5259421053,987939.3256421053,2449.890285007895,-11.675453179619849
854539.6838368422,987835.1151157895,2646.0412414557895,-16.17524403489816
855035.7364684211,987887.2203789474,2646.0412414557895,-15.230939377641269
854638.8943631579,988356.1677473685,2589.9981110421054,-15.812773215832241
854936.5259421053,987887.2203789474,2646.0412414557895,-16.919018166999464
854837.3154157895,987783.0098526316,2477.911850214737,-13.36422460140702
854837.3154157895,988251.9572210526,2505.933415421579,-12.854570506247377
854638.8943631579,987574.5888,2477.911850214737,-11.92802894175608
854242.0522578948,987574.5888,2421.868719801053,-11.019559832571003
854837.3154157895,987626.6940631579,2561.976545835263,-13.581192036119214
854738.1048894738,988095.641431579,2533.9549806284213,-14.264035649903168
854142.841731579,988147.7466947369,2421.868719801053,-13.295626566266868
854936.5259421053,987887.2203789474,2449.890285007895,-12.001446881777659
854341.2627842106,988564.5888,2561.976545835263,-13.157571559266104
855134.9469947369,988356.1677473685,2618.0196762489477,-15.24854056653886
855035.7364684211,988095.641431579,2674.062806662632,-16.654955810108895
854242.0522578948,987730.9045894737,2449.890285007895,-13.20994954616111
854242.0522578948,987887.2203789474,2561.976545835263,-15.036966427915479
854341.2627842106,988043.536168421,2589.9981110421054,-15.737229201451074
854738.1048894738,987574.5888,2421.868719801053,-10.670961728179266
854341.2627842106,988460.3782736842,2505.933415421579,-12.961059325807579
854837.3154157895,988095.641431579,2477.911850214737,-12.3602162809966
854837.3154157895,987991.4309052632,2589.9981110421054,-15.306967590222252
853845.2101526316,988512.4835368422,2449.890285007895,-11.929971557506402
853944.4206789475,988304.0624842106,2449.890285007895,-14.497838190861085
854440.4733105263,988043.536168421,2618.0196762489477,-16.376274196680544
854638.8943631579,987939.3256421053,2758.127502283158,-15.36255470675009
854341.2627842106,987939.3256421053,2533.9549806284213,-14.834826815217944
854043.6312052632,987730.9045894737,2365.8255893873684,-11.542189924884756
854341.2627842106,987939.3256421053,2758.127502283158,-15.795522997012009
854837.3154157895,987887.2203789474,2618.0196762489477,-16.15009231045822
854738.1048894738,987991.4309052632,2646.0412414557895,-16.26590257663835
853845.2101526316,987626.6940631579,2365.8255893873684,-10.295489085781277
854638.8943631579,988095.641431579,2674.062806662632,-16.784239202547003
854142.841731579,987730.9045894737,2533.9549806284213,-13.806127812529393
854638.8943631579,988043.536168421,2449.890285007895,-11.965697478020585
854837.3154157895,987991.4309052632,2505.933415421579,-13.314764704639215
855333.3680473685,987678.7993263159,2589.9981110421054,-9.684788225833087
854936.5259421053,987939.3256421053,2505.933415421579,-13.455966708588404
854242.0522578948,987626.6940631579,2533.9549806284213,-12.857774308770816
854638.8943631579,987939.3256421053,2505.933415421579,-13.997013492180395
855134.9469947369,988199.8519578947,2589.9981110421054,-15.378646667101904
854936.5259421053,987939.3256421053,2646.0412414557895,-16.797293272039678
854738.1048894738,987783.0098526316,2477.911850214737,-13.923289418628524
853944.4206789475,987991.4309052632,2477.911850214737,-14.911615532336578
854142.841731579,987887.2203789474,2646.0412414557895,-15.114992883293645
854837.3154157895,988147.7466947369,2730.105937076316,-16.105882194731507
854936.5259421053,988304.0624842106,2702.0843718694737,-15.41039513574479
854936.5259421053,988147.7466947369,2674.062806662632,-16.968408444552356
853944.4206789475,987678.7993263159,2421.868719801053,-12.796309133632338
854242.0522578948,987626.6940631579,2589.9981110421054,-13.58789305773685
855134.9469947369,987835.1151157895,2477.911850214737,-12.891367294444473
854837.3154157895,987730.9045894737,2646.0412414557895,-14.581728183952336
854341.2627842106,987626.6940631579,2477.911850214737,-12.578400070062893
854440.4733105263,988147.7466947369,2730.105937076316,-16.44681638869438
854242.0522578948,987678.7993263159,2365.8255893873684,-11.02288445863609
854936.5259421053,987626.6940631579,2589.9981110421054,-13.084508917241317
854738.1048894738,987887.2203789474,2702.0843718694737,-16.573744807790472
854738.1048894738,988199.8519578947,2758.127502283158,-15.906073220006846
854341.2627842106,987574.5888,2449.890285007895,-11.686899567276754
854440.4733105263,987783.0098526316,2477.911850214737,-13.735437631142938
854936.5259421053,987678.7993263159,2533.9549806284213,-13.313442111031607
855035.7364684211,987678.7993263159,2561.976545835263,-13.400145561955638
854440.4733105263,988251.9572210526,2730.105937076316,-16.081687575400668
855035.7364684211,987939.3256421053,2449.890285007895,-10.827639207605614
854638.8943631579,988251.9572210526,2505.933415421579,-13.424570205542237
854539.6838368422,987730.9045894737,2505.933415421579,-13.914731235179406
855531.7891,987991.4309052632,2533.9549806284213,-9.225456685502124
854142.841731579,987783.0098526316,2561.976545835263,-14.465931369487832
855234.1575210526,987939.3256421053,2477.911850214737,-10.872266769529709
855035.7364684211,987939.3256421053,2646.0412414557895,-15.792551186491252
854043.6312052632,987887.2203789474,2337.8040241805265,-9.620770786082561
854242.0522578948,987678.7993263159,2646.0412414557895,-14.737564632027434
854837.3154157895,988460.3782736842,2533.9549806284213,-12.84351737777321
854738.1048894738,988147.7466947369,2730.105937076316,-16.077572008198462
854142.841731579,987626.6940631579,2449.890285007895,-12.63870416042622
855234.1575210526,988460.3782736842,2533.9549806284213,-12.276021104870928
855333.3680473685,988251.9572210526,2618.0196762489477,-11.235258106605892
854539.6838368422,988043.536168421,2646.0412414557895,-16.176378541151166
854936.5259421053,987626.6940631579,2449.890285007895,-12.196473697722293
855134.9469947369,988095.641431579,2589.9981110421054,-15.98891455257399
854837.3154157895,987939.3256421053,2561.976545835263,-14.872446546770961
854043.6312052632,988043.536168421,2365.8255893873684,-10.748162936133928
854638.8943631579,988043.536168421,2589.9981110421054,-15.912583701373817
854440.4733105263,988147.7466947369,2702.0843718694737,-16.1904684524707
854043.6312052632,987835.1151157895,2421.868719801053,-13.331398903723576
854341.2627842106,987730.9045894737,2365.8255893873684,-11.060840205984482
854738.1048894738,988251.9572210526,2589.9981110421054,-16.036247401329867
854837.3154157895,987783.0098526316,2421.868719801053,-11.159614555893848
854242.0522578948,987574.5888,2365.8255893873684,-9.603127901170957
854043.6312052632,988043.536168421,2477.911850214737,-14.98449340739149
854341.2627842106,988304.0624842106,2449.890285007895,-12.061473100252842
855333.3680473685,987730.9045894737,2477.911850214737,-11.240838930435057
854142.841731579,988147.7466947369,2533.9549806284213,-14.838658696712981
854142.841731579,988199.8519578947,2505.933415421579,-14.804948627702288
854738.1048894738,987678.7993263159,2421.868719801053,-11.984900155736845
854142.841731579,988043.536168421,2365.8255893873684,-10.075480596354213
854539.6838368422,988251.9572210526,2674.062806662632,-16.896063552194047
853944.4206789475,987678.7993263159,2365.8255893873684,-11.032191502183261
854837.3154157895,988251.9572210526,2618.0196762489477,-16.481310879306353
854142.841731579,987835.1151157895,2505.933415421579,-14.266258192865626
855134.9469947369,988304.0624842106,2477.911850214737,-10.807329121739384
854043.6312052632,988304.0624842106,2477.911850214737,-14.088417398548213
854539.6838368422,987574.5888,2589.9981110421054,-12.888579595124053
854142.841731579,988564.5888,2505.933415421579,-11.878606564533394
854043.6312052632,988199.8519578947,2393.8471545942107,-11.729542849087085
854638.8943631579,988512.4835368422,2477.911850214737,-11.746582440003024
854142.841731579,988043.536168421,2533.9549806284213,-14.809010004066396
855134.9469947369,987835.1151157895,2561.976545835263,-14.683463133515458
854242.0522578948,987730.9045894737,2421.868719801053,-12.824668829764844
853745.9996263159,987887.2203789474,2365.8255893873684,-11.931711532384908
854142.841731579,988147.7466947369,2561.976545835263,-15.653194242025354
855134.9469947369,987783.0098526316,2477.911850214737,-12.993069929133284
854242.0522578948,988251.9572210526,2421.868719801053,-11.83342266960097
855432.5785736842,987783.0098526316,2505.933415421579,-10.110900223143885
854341.2627842106,988408.2730105263,2618.0196762489477,-16.14185649276659
854142.841731579,987783.0098526316,2365.8255893873684,-11.242528411227548
853745.9996263159,988043.536168421,2449.890285007895,-12.544953240870402
854440.4733105263,988304.0624842106,2505.933415421579,-13.765463738267156
854638.8943631579,988043.536168421,2561.976545835263,-15.638734452876506
854440.4733105263,988460.3782736842,2477.911850214737,-12.82195074566889
855134.9469947369,987991.4309052632,2561.976545835263,-15.23448356765915
854638.8943631579,988251.9572210526,2674.062806662632,-17.13763687034066
854142.841731579,988460.3782736842,2561.976545835263,-14.397754603932244
854440.4733105263,988095.641431579,2561.976545835263,-15.459625202625276
854936.5259421053,988356.1677473685,2618.0196762489477,-16.340646086577387
854738.1048894738,987626.6940631579,2646.0412414557895,-13.450376150653602
854539.6838368422,987730.9045894737,2646.0412414557895,-15.653480211920328
854539.6838368422,987783.0098526316,2646.0412414557895,-16.066956582185387
854936.5259421053,988356.1677473685,2674.062806662632,-15.900041632622314
854738.1048894738,988043.536168421,2589.9981110421054,-15.64935063510562
853944.4206789475,987991.4309052632,2505.933415421579,-14.894873655489294
854738.1048894738,988095.641431579,2505.933415421579,-13.39859009082537
854341.2627842106,987939.3256421053,2561.976545835263,-15.662688000452324
854142.841731579,987939.3256421053,2477.911850214737,-14.534236145178602
854440.4733105263,988460.3782736842,2533.9549806284213,-13.341142980163498
854539.6838368422,987991.4309052632,2618.0196762489477,-16.20659580744433
854043.6312052632,988043.536168421,2421.868719801053,-13.206825466873381
853944.4206789475,987887.2203789474,2365.8255893873684,-11.429776064190298
854936.5259421053,988199.8519578947,2646.0412414557895,-16.949765545851196
854539.6838368422,987730.9045894737,2533.9549806284213,-14.572767454167758
854638.8943631579,988408.2730105263,2561.976545835263,-14.635268628311776
854837.3154157895,987678.7993263159,2561.976545835263,-14.17184542446361
854936.5259421053,987730.9045894737,2505.933415421579,-13.473923957926184
854341.2627842106,988408.2730105263,2646.0412414557895,-15.752547277928603
854638.8943631579,987939.3256421053,2449.890285007895,-13.229272897624124
854837.3154157895,988356.1677473685,2674.062806662632,-16.112264623051356
854936.5259421053,987574.5888,2505.933415421579,-12.239460901550487
854539.6838368422,987835.1151157895,2449.890285007895,-13.281063592630373
854341.2627842106,988356.1677473685,2421.868719801053,-10.953667997879947
854440.4733105263,988043.536168421,2449.890285007895,-13.422069230197698
854242.0522578948,987887.2203789474,2589.9981110421054,-15.39746525514455
854837.3154157895,988199.8519578947,2505.933415421579,-13.045811342442049
854341.2627842106,988043.536168421,2393.8471545942107,-10.249732600422098
854738.1048894738,988460.3782736842,2477.911850214737,-11.379774319686051
855035.7364684211,987991.4309052632,2674.062806662632,-15.291668551087168
854539.6838368422,988147.7466947369,2449.890285007895,-11.979775530527569
854539.6838368422,988356.1677473685,2533.9549806284213,-13.940522372633827
854142.841731579,987783.0098526316,2505.933415421579,-14.36925131986379
855035.7364684211,987783.0098526316,2505.933415421579,-13.15304014914461
854440.4733105263,987678.7993263159,2533.9549806284213,-14.726940737335697
854440.4733105263,987783.0098526316,2365.8255893873684,-10.116261076684166
854440.4733105263,987887.2203789474,2646.0412414557895,-16.1301420986781
853646.7891,988408.2730105263,2393.8471545942107,-9.889215705376786
854242.0522578948,987887.2203789474,2646.0412414557895,-15.757388673940039
853745.9996263159,987783.0098526316,2365.8255893873684,-11.204421641290605
854440.4733105263,988095.641431579,2449.890285007895,-13.45643097425206
854539.6838368422,987574.5888,2505.933415421579,-12.39503537133927
855234.1575210526,987991.4309052632,2533.9549806284213,-14.182896671356046
854936.5259421053,987887.2203789474,2618.0196762489477,-16.789291072797774
854142.841731579,987730.9045894737,2561.976545835263,-13.64409957410841
854440.4733105263,987574.5888,2449.890285007895,-11.586416129291372
854440.4733105263,988043.536168421,2674.062806662632,-16.544045651318466
853745.9996263159,988043.536168421,2421.868719801053,-12.921174994878474
854738.1048894738,987991.4309052632,2561.976545835263,-14.90421936431056
855035.7364684211,987991.4309052632,2533.9549806284213,-13.981871958539644
854043.6312052632,987678.7993263159,2533.9549806284213,-12.83780180082808
854638.8943631579,987939.3256421053,2533.9549806284213,-14.618064692468877
854440.4733105263,987835.1151157895,2702.0843718694737,-15.495213891693252
854440.4733105263,987835.1151157895,2758.127502283158,-15.710013653983426
855333.3680473685,988095.641431579,2618.0196762489477,-10.105524957312324
854539.6838368422,988304.0624842106,2533.9549806284213,-14.084418192996546
854142.841731579,988147.7466947369,2618.0196762489477,-16.38070095543118
854242.0522578948,988147.7466947369,2421.868719801053,-11.773150655667642
854738.1048894738,987678.7993263159,2589.9981110421054,-14.866276468984298
854440.4733105263,988199.8519578947,2477.911850214737,-13.162466162730182
855333.3680473685,988356.1677473685,2618.0196762489477,-10.876704897651898
854638.8943631579,987730.9045894737,2589.9981110421054,-15.647316358832713
855035.7364684211,988512.4835368422,2505.933415421579,-10.991374471079245
854539.6838368422,987887.2203789474,2758.127502283158,-16.22062470900974
853944.4206789475,987835.1151157895,2393.8471545942107,-12.880228899145285
855432.5785736842,987991.4309052632,2505.933415421579,-10.840742088675073
854242.0522578948,988408.2730105263,2618.0196762489477,-14.644255743107353
854341.2627842106,988095.641431579,2618.0196762489477,-15.983130690220444
855333.3680473685,988356.1677473685,2505.933415421579,-10.881163428255144
855134.9469947369,987574.5888,2477.911850214737,-11.443022356175799
855134.9469947369,987887.2203789474,2589.9981110421054,-15.161187203899534
854242.0522578948,988460.3782736842,2421.868719801053,-10.560030470068881
854242.0522578948,987783.0098526316,2421.868719801053,-12.606149096140944
854539.6838368422,988147.7466947369,2758.127502283158,-16.340123907502214
854142.841731579,987678.7993263159,2421.868719801053,-12.800618696757944
855035.7364684211,988356.1677473685,2674.062806662632,-15.2679750064238
854738.1048894738,987626.6940631579,2477.911850214737,-12.484571568057135
853845.2101526316,987835.1151157895,2365.8255893873684,-11.862126051839969
854539.6838368422,987887.2203789474,2393.8471545942107,-10.425488464299738
854936.5259421053,987574.5888,2589.9981110421054,-12.82680280301876
855035.7364684211,987887.2203789474,2618.0196762489477,-16.15165450715347
854539.6838368422,987626.6940631579,2702.0843718694737,-13.302288179138191
855134.9469947369,988095.641431579,2533.9549806284213,-14.183483068023616
855333.3680473685,987678.7993263159,2505.933415421579,-11.21049570275051
855333.3680473685,988043.536168421,2561.976545835263,-13.134414101956242
855234.1575210526,987783.0098526316,2589.9981110421054,-13.065165864792938
854837.3154157895,988251.9572210526,2533.9549806284213,-13.575420340460363
855035.7364684211,988251.9572210526,2646.0412414557895,-16.474915642023568
855531.7891,987678.7993263159,2533.9549806284213,-8.165447840205514
854837.3154157895,987783.0098526316,2674.062806662632,-14.460625984945688
855134.9469947369,988512.4835368422,2589.9981110421054,-11.96677611464054
854440.4733105263,987939.3256421053,2674.062806662632,-16.45124761679605
854837.3154157895,988304.0624842106,2477.911850214737,-11.25414672786377
854738.1048894738,988408.2730105263,2646.0412414557895,-16.619333364837747
854837.3154157895,988304.0624842106,2505.933415421579,-12.630536579195526
855432.5785736842,987887.2203789474,2561.976545835263,-10.396295607960456
853745.9996263159,987939.3256421053,2309.7824589736842,-9.51374765079446
855134.9469947369,988199.8519578947,2646.0412414557895,-16.16004356374531
854440.4733105263,987730.9045894737,2421.868719801053,-12.429949512808118
854440.4733105263,987939.3256421053,2702.0843718694737,-16.32186099052837
855035.7364684211,988199.8519578947,2477.911850214737,-11.254734819813706
854242.0522578948,987783.0098526316,2393.8471545942107,-12.106155013797405
854341.2627842106,988251.9572210526,2702.0843718694737,-16.129301372008346
854539.6838368422,987678.7993263159,2505.933415421579,-13.197574935594815
854341.2627842106,987835.1151157895,2618.0196762489477,-15.676885153996936
854837.3154157895,988147.7466947369,2702.0843718694737,-16.854967441246853
854242.0522578948,987574.5888,2337.8040241805265,-9.03669564860091
855134.9469947369,988199.8519578947,2533.9549806284213,-13.686317256931236
854440.4733105263,987887.2203789474,2589.9981110421054,-15.989289076279565
854440.4733105263,988147.7466947369,2533.9549806284213,-14.980425948581056
854242.0522578948,988043.536168421,2421.868719801053,-13.285883363334321
855035.7364684211,988095.641431579,2646.0412414557895,-16.923717162396844
854341.2627842106,987626.6940631579,2449.890285007895,-12.50242690975857
855035.7364684211,987939.3256421053,2477.911850214737,-12.378143239988098
854341.2627842106,987626.6940631579,2589.9981110421054,-13.413233105811093
854242.0522578948,987626.6940631579,2393.8471545942107,-10.976150396418738
853944.4206789475,987730.9045894737,2477.911850214737,-12.675189839313115
854341.2627842106,987574.5888,2421.868719801053,-11.014048737107048
854738.1048894738,987574.5888,2393.8471545942107,-10.195281741357412
855134.9469947369,988251.9572210526,2561.976545835263,-14.432103761819176
855035.7364684211,988356.1677473685,2589.9981110421054,-15.487722500631646
854242.0522578948,987991.4309052632,2561.976545835263,-15.592766137020996
855432.5785736842,987626.6940631579,2533.9549806284213,-9.23599934075919
854142.841731579,987835.1151157895,2477.911850214737,-14.13062161597937
854440.4733105263,987991.4309052632,2449.890285007895,-12.850331922612405
854638.8943631579,987939.3256421053,2702.0843718694737,-16.416583085563417
853944.4206789475,988304.0624842106,2505.933415421579,-13.788461006703926
853944.4206789475,987991.4309052632,2337.8040241805265,-9.717743666491197
854242.0522578948,988043.536168421,2646.0412414557895,-15.940455517421382
854539.6838368422,988095.641431579,2561.976545835263,-15.47866803122351
854837.3154157895,988356.1677473685,2561.976545835263,-13.950523726957634
854837.3154157895,988304.0624842106,2449.890285007895,-10.362380665259886
854043.6312052632,987626.6940631579,2309.7824589736842,-9.594300487130944
854043.6312052632,987991.4309052632,2505.933415421579,-14.668321354585437
854837.3154157895,987887.2203789474,2421.868719801053,-10.121276352780823
855234.1575210526,988356.1677473685,2646.0412414557895,-12.328326770189586
854738.1048894738,988095.641431579,2758.127502283158,-16.357895456126997
854539.6838368422,988199.8519578947,2618.0196762489477,-16.215071578515946
854936.5259421053,988460.3782736842,2618.0196762489477,-15.717376296539383
855432.5785736842,987574.5888,2533.9549806284213,-8.288728395167057
855134.9469947369,988512.4835368422,2505.933415421579,-11.132635306454894
854440.4733105263,987887.2203789474,2533.9549806284213,-14.682527738836061
854142.841731579,987835.1151157895,2393.8471545942107,-12.264475943937091
855035.7364684211,987783.0098526316,2449.890285007895,-11.142213507036375
855234.1575210526,988147.7466947369,2646.0412414557895,-11.950202227008383
854440.4733105263,987730.9045894737,2702.0843718694737,-14.933501201882779
854837.3154157895,987730.9045894737,2589.9981110421054,-15.225861540565925
854341.2627842106,987887.2203789474,2758.127502283158,-15.374334619972586
854242.0522578948,988304.0624842106,2561.976545835263,-14.843178595053685
855234.1575210526,987678.7993263159,2477.911850214737,-12.266089622082967
855333.3680473685,988199.8519578947,2533.9549806284213,-12.975553871651469
854837.3154157895,988095.641431579,2561.976545835263,-14.965115864828066
854242.0522578948,987939.3256421053,2674.062806662632,-16.18338202101454
854738.1048894738,988251.9572210526,2561.976545835263,-14.543651276077181
854638.8943631579,987626.6940631579,2449.890285007895,-12.371288078055544
854043.6312052632,988147.7466947369,2505.933415421579,-14.81185488522081
854539.6838368422,988408.2730105263,2477.911850214737,-11.85449549835591
855234.1575210526,988043.536168421,2477.911850214737,-11.111637680891967
854936.5259421053,988251.9572210526,2477.911850214737,-11.557802480070977
854738.1048894738,988199.8519578947,2674.062806662632,-16.78461798367823
854242.0522578948,987626.6940631579,2477.911850214737,-12.976224740630755
854936.5259421053,987783.0098526316,2589.9981110421054,-15.502127348410143
853745.9996263159,988095.641431579,2337.8040241805265,-10.5850362681062
854440.4733105263,988199.8519578947,2618.0196762489477,-16.217233172546823
853646.7891,988512.4835368422,2393.8471545942107,-9.437972725517609
854242.0522578948,988251.9572210526,2618.0196762489477,-16.128880171748072
854142.841731579,987991.4309052632,2449.890285007895,-14.273440408497304
854936.5259421053,988251.9572210526,2561.976545835263,-14.742697595068728
853745.9996263159,987783.0098526316,2309.7824589736842,-9.743273056531832
854142.841731579,988095.641431579,2421.868719801053,-13.436768265837001
854142.841731579,987678.7993263159,2449.890285007895,-12.502249387908531
854043.6312052632,987626.6940631579,2393.8471545942107,-10.999451768813586
855134.9469947369,987887.2203789474,2477.911850214737,-12.968504657311232
854936.5259421053,987939.3256421053,2674.062806662632,-16.34948223279091
854539.6838368422,988043.536168421,2561.976545835263,-15.24580939857862
855134.9469947369,987678.7993263159,2449.890285007895,-10.919959785372594
855234.1575210526,987626.6940631579,2477.911850214737,-11.927520488263388
855134.9469947369,987626.6940631579,2561.976545835263,-11.642178604178492
854738.1048894738,987730.9045894737,2589.9981110421054,-15.756955385161554
854440.4733105263,988147.7466947369,2758.127502283158,-16.135449849433286
854341.2627842106,987835.1151157895,2589.9981110421054,-15.167612273035092
855333.3680473685,987783.0098526316,2477.911850214737,-10.770525409161161
854539.6838368422,988199.8519578947,2674.062806662632,-16.969566995952686
854539.6838368422,988564.5888,2561.976545835263,-13.528973731993876
855432.5785736842,988095.641431579,2533.9549806284213,-11.555773301811865
854837.3154157895,987835.1151157895,2421.868719801053,-10.581940544065132
853845.2101526316,987835.1151157895,2309.7824589736842,-9.231702145095909
854242.0522578948,988408.2730105263,2449.890285007895,-12.707795144636938
854638.8943631579,988512.4835368422,2533.9549806284213,-13.030696628679168
855035.7364684211,988564.5888,2561.976545835263,-11.694430832458462
854936.5259421053,987626.6940631579,2618.0196762489477,-12.420207607198133
854440.4733105263,988147.7466947369,2674.062806662632,-16.54562904270144
853845.2101526316,987626.6940631579,2309.7824589736842,-9.314611674518803
854341.2627842106,987835.1151157895,2730.105937076316,-15.050219008346614
854936.5259421053,988408.2730105263,2618.0196762489477,-16.159737048977505
854341.2627842106,987835.1151157895,2561.976545835263,-15.210016116254987
854837.3154157895,988356.1677473685,2589.9981110421054,-15.91737326043474
854936.5259421053,987626.6940631579,2533.9549806284213,-12.804266230835777
854142.841731579,988251.9572210526,2505.933415421579,-14.51195979519872
854738.1048894738,987887.2203789474,2618.0196762489477,-16.335790799222302
854539.6838368422,987835.1151157895,2589.9981110421054,-16.18016558451266
854638.8943631579,987887.2203789474,2589.9981110421054,-16.017555661431206
854242.0522578948,987626.6940631579,2337.8040241805265,-9.716226563756491
854837.3154157895,987730.9045894737,2561.976545835263,-14.858475281147495
854142.841731579,988512.4835368422,2449.890285007895,-12.886220001575737
855134.9469947369,987835.1151157895,2505.933415421579,-13.39360460517611
854738.1048894738,988304.0624842106,2618.0196762489477,-16.668013391095506
853845.2101526316,987678.7993263159,2337.8040241805265,-10.748534900452077
855432.5785736842,988564.5888,2561.976545835263,-8.702995499346994
853845.2101526316,987730.9045894737,2337.8040241805265,-11.131923857851124
855234.1575210526,987678.7993263159,2561.976545835263,-11.625468179155728
854539.6838368422,988095.641431579,2533.9549806284213,-14.805250401970502
854738.1048894738,988408.2730105263,2561.976545835263,-14.347753934658645
854738.1048894738,988408.2730105263,2449.890285007895,-9.458284623934787
854936.5259421053,987678.7993263159,2449.890285007895,-12.721870612636978
854242.0522578948,987991.4309052632,2702.0843718694737,-15.78341309712552
853646.7891,988304.0624842106,2393.8471545942107,-10.74890234717374
853745.9996263159,987626.6940631579,2281.7608937668424,-8.767448643145588
854837.3154157895,988043.536168421,2561.976545835263,-15.25804306674655
854142.841731579,988251.9572210526,2618.0196762489477,-15.972562955303305
854936.5259421053,988147.7466947369,2505.933415421579,-13.07070042835144
854539.6838368422,987678.7993263159,2533.9549806284213,-14.19142199467137
854539.6838368422,988251.9572210526,2589.9981110421054,-16.519741991323787
854341.2627842106,988460.3782736842,2477.911850214737,-13.367513472495117
854440.4733105263,987678.7993263159,2449.890285007895,-12.883572124852558
854837.3154157895,987835.1151157895,2505.933415421579,-13.769276304415921
854936.5259421053,988564.5888,2561.976545835263,-12.702294972151083
854440.4733105263,987991.4309052632,2393.8471545942107,-10.451903264538489
854440.4733105263,988512.4835368422,2505.933415421579,-13.022627680670782
854341.2627842106,987730.9045894737,2449.890285007895,-13.257236002660855
854638.8943631579,988043.536168421,2674.062806662632,-16.596363431954995
854539.6838368422,987626.6940631579,2477.911850214737,-12.695428712238803
854440.4733105263,987783.0098526316,2449.890285007895,-14.020317142128382
854638.8943631579,988304.0624842106,2589.9981110421054,-16.212929534756306
853944.4206789475,988199.8519578947,2365.8255893873684,-10.530519598533433
854539.6838368422,987678.7993263159,2477.911850214737,-13.170944832622856
854539.6838368422,987939.3256421053,2702.0843718694737,-16.0019021661277
854638.8943631579,987835.1151157895,2421.868719801053,-12.093592935564418
854242.0522578948,988147.7466947369,2505.933415421579,-14.509088685538872
854539.6838368422,988408.2730105263,2505.933415421579,-13.465668983098151
854440.4733105263,988043.536168421,2505.933415421579,-14.183756862790194
854936.5259421053,987678.7993263159,2421.868719801053,-10.445654240819458
854142.841731579,988147.7466947369,2393.8471545942107,-10.77779600849996
853944.4206789475,988408.2730105263,2393.8471545942107,-11.136680144661373
854837.3154157895,987835.1151157895,2589.9981110421054,-15.771903437545008
854638.8943631579,987730.9045894737,2618.0196762489477,-16.65873614198805
854341.2627842106,988304.0624842106,2618.0196762489477,-16.449546613102154
855333.3680473685,988408.2730105263,2618.0196762489477,-10.908441930551065
853944.4206789475,987574.5888,2337.8040241805265,-8.983911090238713
854341.2627842106,988199.8519578947,2618.0196762489477,-16.16335128225069
854341.2627842106,988095.641431579,2561.976545835263,-15.293183024438148
855134.9469947369,988043.536168421,2646.0412414557895,-14.709761030354201
854936.5259421053,987678.7993263159,2646.0412414557895,-12.01705527103757
855432.5785736842,987835.1151157895,2533.9549806284213,-10.807532396843564
855035.7364684211,987730.9045894737,2533.9549806284213,-13.830915977490742
854936.5259421053,988304.0624842106,2674.062806662632,-16.05737798597439
854440.4733105263,987626.6940631579,2533.9549806284213,-13.908814676459215
855432.5785736842,987626.6940631579,2561.976545835263,-9.068643933208993
854738.1048894738,987626.6940631579,2421.868719801053,-11.058860403675784
854142.841731579,988356.1677473685,2477.911850214737,-14.061299804823284
854142.841731579,988251.9572210526,2561.976545835263,-15.225329434747495
854738.1048894738,987574.5888,2646.0412414557895,-11.489619476879714
854738.1048894738,988095.641431579,2674.062806662632,-16.86999378059363
853845.2101526316,987835.1151157895,2421.868719801053,-13.848783160613701
854539.6838368422,987887.2203789474,2674.062806662632,-16.59254714482749
853944.4206789475,987835.1151157895,2365.8255893873684,-11.705307264948615
853944.4206789475,988512.4835368422,2421.868719801053,-12.80580852595239
854738.1048894738,988356.1677473685,2674.062806662632,-16.417495677923235
854638.8943631579,988251.9572210526,2449.890285007895,-11.115569276749447
854638.8943631579,988251.9572210526,2533.9549806284213,-14.217725555068185
854837.3154157895,987574.5888,2618.0196762489477,-12.190410013780168
854341.2627842106,987887.2203789474,2393.8471545942107,-11.299687813814772
854837.3154157895,987730.9045894737,2674.062806662632,-13.036918558030193
855333.3680473685,987835.1151157895,2505.933415421579,-12.647804374596486
854242.0522578948,987835.1151157895,2393.8471545942107,-11.721432278208464
855134.9469947369,988304.0624842106,2646.0412414557895,-15.74869018849825
854242.0522578948,988356.1677473685,2533.9549806284213,-13.999651425035058
854638.8943631579,987626.6940631579,2589.9981110421054,-14.299331839752094
854837.3154157895,988147.7466947369,2477.911850214737,-12.250039433410963
853845.2101526316,988251.9572210526,2449.890285007895,-14.162754051261507
855234.1575210526,987730.9045894737,2618.0196762489477,-10.026072963067795
854242.0522578948,987835.1151157895,2337.8040241805265,-9.247862920413013
854142.841731579,988251.9572210526,2589.9981110421054,-16.095867217651794
854738.1048894738,987939.3256421053,2505.933415421579,-13.626597086378613
854341.2627842106,988564.5888,2477.911850214737,-12.285134987584723
854043.6312052632,987730.9045894737,2393.8471545942107,-12.28568204147408
854242.0522578948,987991.4309052632,2365.8255893873684,-9.686372959537117
854043.6312052632,988460.3782736842,2421.868719801053,-11.980060915208222
854638.8943631579,987939.3256421053,2730.105937076316,-16.45442045121718
854936.5259421053,988408.2730105263,2589.9981110421054,-14.95674034975361
854341.2627842106,988043.536168421,2702.0843718694737,-16.34457296937803
854440.4733105263,987835.1151157895,2365.8255893873684,-9.7391958226992
854539.6838368422,987626.6940631579,2533.9549806284213,-12.8054339312976
854043.6312052632,987574.5888,2309.7824589736842,-8.717066848411378
855035.7364684211,988147.7466947369,2505.933415421579,-12.785954770470465
855035.7364684211,987678.7993263159,2618.0196762489477,-12.391617540215316
855234.1575210526,987783.0098526316,2561.976545835263,-13.262715700761072
855234.1575210526,987991.4309052632,2646.0412414557895,-12.191897230556345
854043.6312052632,988408.2730105263,2421.868719801053,-12.627899867453337
854440.4733105263,987783.0098526316,2421.868719801053,-12.611266291762766
855432.5785736842,987730.9045894737,2533.9549806284213,-10.493255535619753
855234.1575210526,988408.2730105263,2561.976545835263,-13.138944670211227
854440.4733105263,988147.7466947369,2646.0412414557895,-16.4412761695654
854440.4733105263,987730.9045894737,2365.8255893873684,-9.907770009866368
854043.6312052632,988199.8519578947,2505.933415421579,-14.974951069532013
855531.7891,988251.9572210526,2533.9549806284213,-9.149726234349895
853944.4206789475,988199.8519578947,2533.9549806284213,-14.92613997193748
854638.8943631579,988460.3782736842,2618.0196762489477,-15.662706646482192
853845.2101526316,988408.2730105263,2477.911850214737,-13.235588164684293
854440.4733105263,987730.9045894737,2618.0196762489477,-15.41428993807462
855234.1575210526,987783.0098526316,2477.911850214737,-12.188042730423533
854936.5259421053,987730.9045894737,2533.9549806284213,-13.932909771526163
854242.0522578948,988356.1677473685,2618.0196762489477,-16.350672003140208
855333.3680473685,988304.0624842106,2561.976545835263,-12.663905999059983
854837.3154157895,988043.536168421,2589.9981110421054,-15.960634883808671
854142.841731579,988251.9572210526,2421.868719801053,-12.123774439525127
855432.5785736842,988043.536168421,2561.976545835263,-10.407751690788803
854341.2627842106,988043.536168421,2449.890285007895,-12.95826049233115
854837.3154157895,987939.3256421053,2702.0843718694737,-16.24902416654368
854738.1048894738,988512.4835368422,2505.933415421579,-12.186401958287663
854440.4733105263,987678.7993263159,2646.0412414557895,-14.652200859013655
855035.7364684211,988304.0624842106,2589.9981110421054,-15.512664097353241
854440.4733105263,988095.641431579,2674.062806662632,-16.567177011215122
854539.6838368422,988043.536168421,2477.911850214737,-13.863552987149083
855035.7364684211,987626.6940631579,2449.890285007895,-11.829168886043615
854142.841731579,988460.3782736842,2421.868719801053,-11.46114232102001
854638.8943631579,987887.2203789474,2393.8471545942107,-9.973232938050355
854242.0522578948,988304.0624842106,2477.911850214737,-14.046853821383532
854043.6312052632,988095.641431579,2393.8471545942107,-11.371227155862153
854539.6838368422,987939.3256421053,2393.8471545942107,-10.616890942860593
854341.2627842106,988304.0624842106,2646.0412414557895,-16.752977887866905
854837.3154157895,988147.7466947369,2561.976545835263,-14.656057843831107
855035.7364684211,988095.641431579,2505.933415421579,-13.26934628227329
854440.4733105263,988095.641431579,2758.127502283158,-16.231511069022986
854043.6312052632,988512.4835368422,2505.933415421579,-12.871350366738906
855134.9469947369,988408.2730105263,2561.976545835263,-13.69891675940383
853944.4206789475,987730.9045894737,2365.8255893873684,-11.419609335977087
854043.6312052632,987730.9045894737,2337.8040241805265,-10.329199227881858
854837.3154157895,988408.2730105263,2533.9549806284213,-13.033301349269603
854341.2627842106,987783.0098526316,2589.9981110421054,-15.044541311035404
854638.8943631579,987678.7993263159,2589.9981110421054,-14.981288072406304
854638.8943631579,988199.8519578947,2758.127502283158,-15.914625428994796
854539.6838368422,988199.8519578947,2533.9549806284213,-14.527199547328557
854837.3154157895,988095.641431579,2730.105937076316,-16.217422156221435
855234.1575210526,988512.4835368422,2589.9981110421054,-11.3448936068991
854242.0522578948,988356.1677473685,2449.890285007895,-12.883893766909248
854142.841731579,988356.1677473685,2421.868719801053,-11.570603566782149
853944.4206789475,987835.1151157895,2505.933415421579,-12.972019550991044
854837.3154157895,988095.641431579,2702.0843718694737,-16.79199996054732
853646.7891,987887.2203789474,2337.8040241805265,-9.686884826892063
854440.4733105263,988512.4835368422,2561.976545835263,-13.638324027279099
854638.8943631579,988251.9572210526,2589.9981110421054,-16.335624178992337
854142.841731579,988408.2730105263,2533.9549806284213,-13.630736481227622
854638.8943631579,987730.9045894737,2561.976545835263,-14.540418567806828
854539.6838368422,987939.3256421053,2674.062806662632,-16.12361257516871
853845.2101526316,987939.3256421053,2421.868719801053,-14.427905705133844
854341.2627842106,988095.641431579,2533.9549806284213,-14.922866247878797
854539.6838368422,987783.0098526316,2505.933415421579,-13.845119065714055
854440.4733105263,988304.0624842106,2702.0843718694737,-16.210256434106228
855134.9469947369,988304.0624842106,2505.933415421579,-11.933546197859295
855134.9469947369,988251.9572210526,2505.933415421579,-12.063458167897215
854242.0522578948,988251.9572210526,2505.933415421579,-14.093691083822588
854539.6838368422,988512.4835368422,2449.890285007895,-9.820208164419531
854242.0522578948,987991.4309052632,2477.911850214737,-14.279317309857612
854738.1048894738,988304.0624842106,2477.911850214737,-11.584719530347305
854440.4733105263,988304.0624842106,2674.062806662632,-16.237853308472257
855134.9469947369,988251.9572210526,2533.9549806284213,-12.966069965198223
854738.1048894738,988095.641431579,2421.868719801053,-10.00436242099466
855333.3680473685,987678.7993263159,2477.911850214737,-11.350010876933503
854242.0522578948,988199.8519578947,2561.976545835263,-15.640693753940889
854738.1048894738,987626.6940631579,2589.9981110421054,-14.24016510520055
855234.1575210526,987835.1151157895,2589.9981110421054,-13.315487087739946
854936.5259421053,987574.5888,2533.9549806284213,-12.607078024714692
854142.841731579,988408.2730105263,2421.868719801053,-11.979298357842303
854142.841731579,987626.6940631579,2477.911850214737,-12.991580412193272
854043.6312052632,988199.8519578947,2589.9981110421054,-15.629599667225337
854936.5259421053,987626.6940631579,2477.911850214737,-12.15163306906756
854539.6838368422,988147.7466947369,2533.9549806284213,-14.428730022088429
854043.6312052632,988043.536168421,2589.9981110421054,-15.36911210730138
855432.5785736842,988199.8519578947,2561.976545835263,-10.616959174095014
854638.8943631579,988095.641431579,2758.127502283158,-16.73950239726409
854837.3154157895,988251.9572210526,2477.911850214737,-11.748978048713777
854539.6838368422,987991.4309052632,2505.933415421579,-14.121963067548446
854242.0522578948,987991.4309052632,2505.933415421579,-14.54005124346619
855035.7364684211,988251.9572210526,2674.062806662632,-15.640790154075438
855234.1575210526,988147.7466947369,2533.9549806284213,-13.64763257756243
854242.0522578948,988147.7466947369,2646.0412414557895,-16.319517415725336
855333.3680473685,987887.2203789474,2477.911850214737,-10.401989311635411
854936.5259421053,988512.4835368422,2505.933415421579,-11.626987788246176
854341.2627842106,988512.4835368422,2505.933415421579,-12.72969344410291
854341.2627842106,988304.0624842106,2421.868719801053,-11.313593926494777
854043.6312052632,987730.9045894737,2309.7824589736842,-9.078664076046639
855432.5785736842,988147.7466947369,2561.976545835263,-10.832018064020689
855234.1575210526,988460.3782736842,2561.976545835263,-12.829142637674076
854043.6312052632,987626.6940631579,2533.9549806284213,-11.34501440764866
854043.6312052632,988147.7466947369,2393.8471545942107,-11.772381289110347
855035.7364684211,988095.641431579,2561.976545835263,-15.08562437132976
854440.4733105263,987783.0098526316,2393.8471545942107,-11.193658094595538
855333.3680473685,988408.2730105263,2505.933415421579,-10.573525870445497
854242.0522578948,988147.7466947369,2393.8471545942107,-10.50828194657631
854738.1048894738,987626.6940631579,2618.0196762489477,-14.981572143691468
854837.3154157895,987991.4309052632,2421.868719801053,-10.270868504234894
854242.0522578948,988408.2730105263,2561.976545835263,-14.33931283898273
854638.8943631579,988408.2730105263,2618.0196762489477,-16.279072006680952
854837.3154157895,987574.5888,2505.933415421579,-12.231152888097029
854142.841731579,987678.7993263159,2477.911850214737,-13.559665988149039
853944.4206789475,988095.641431579,2365.8255893873684,-11.226609590925236
854738.1048894738,988199.8519578947,2533.9549806284213,-13.797033504582036
855333.3680473685,988408.2730105263,2533.9549806284213,-11.719300331738951
854341.2627842106,987835.1151157895,2365.8255893873684,-10.447764557997614
855035.7364684211,987626.6940631579,2505.933415421579,-12.540910389948088
853745.9996263159,987939.3256421053,2337.8040241805265,-10.698172550280088
854738.1048894738,988043.536168421,2730.105937076316,-16.40154354722666
854242.0522578948,988199.8519578947,2449.890285007895,-13.250836162218235
854440.4733105263,988095.641431579,2421.868719801053,-11.349202378139031
854043.6312052632,987887.2203789474,2589.9981110421054,-14.252166064528
854043.6312052632,988095.641431579,2589.9981110421054,-15.40486786759209
854242.0522578948,987626.6940631579,2646.0412414557895,-14.054639759668582
854936.5259421053,988251.9572210526,2505.933415421579,-12.317407114479405
854341.2627842106,987678.7993263159,2533.9549806284213,-14.047293145237251
854341.2627842106,988251.9572210526,2505.933415421579,-13.819618936097081
854341.2627842106,988095.641431579,2702.0843718694737,-16.043326371858047
854539.6838368422,987887.2203789474,2477.911850214737,-13.983241430264655
854341.2627842106,987783.0098526316,2365.8255893873684,-10.500251284026453
854142.841731579,987730.9045894737,2589.9981110421054,-14.712509011273147
854738.1048894738,988199.8519578947,2589.9981110421054,-15.734412620117089
855134.9469947369,987991.4309052632,2674.062806662632,-13.54606937663844
854638.8943631579,988304.0624842106,2505.933415421579,-13.358332617530458
855134.9469947369,988147.7466947369,2674.062806662632,-14.166620990162325
855035.7364684211,987887.2203789474,2561.976545835263,-15.02002003373561
854738.1048894738,988408.2730105263,2533.9549806284213,-13.189987444650063
854440.4733105263,988304.0624842106,2533.9549806284213,-14.254973558621737
853646.7891,988095.641431579,2393.8471545942107,-11.37309196625419
854440.4733105263,987939.3256421053,2505.933415421579,-14.206982980229157
853944.4206789475,987835.1151157895,2309.7824589736842,-9.052748106563389
854638.8943631579,988304.0624842106,2561.976545835263,-14.855811686788822
854142.841731579,988304.0624842106,2421.868719801053,-12.215872990471945
854638.8943631579,988199.8519578947,2477.911850214737,-13.234882720128583
854539.6838368422,988460.3782736842,2646.0412414557895,-15.973122830980389
854837.3154157895,987626.6940631579,2589.9981110421054,-13.8758363650335
853845.2101526316,988408.2730105263,2393.8471545942107,-12.206087204474494
854440.4733105263,988356.1677473685,2589.9981110421054,-15.555101305697667
854936.5259421053,988408.2730105263,2477.911850214737,-10.787018158986074
855432.5785736842,988147.7466947369,2505.933415421579,-10.47886950648649
854341.2627842106,987678.7993263159,2730.105937076316,-14.047211339068435
854936.5259421053,988147.7466947369,2618.0196762489477,-16.744473889216632
853845.2101526316,988460.3782736842,2421.868719801053,-13.258189473240886
854539.6838368422,988251.9572210526,2730.105937076316,-16.1553778944197
854242.0522578948,987783.0098526316,2533.9549806284213,-13.981983617302259
854242.0522578948,987939.3256421053,2646.0412414557895,-16.006077552938812
855134.9469947369,987835.1151157895,2646.0412414557895,-12.82769100985878
855531.7891,988408.2730105263,2533.9549806284213,-9.00162713868297
854837.3154157895,988356.1677473685,2449.890285007895,-9.59356880959771
854638.8943631579,988095.641431579,2449.890285007895,-11.645597284697942
855035.7364684211,988460.3782736842,2618.0196762489477,-13.599373678150826
855035.7364684211,988199.8519578947,2674.062806662632,-16.11437645872805
854837.3154157895,987835.1151157895,2702.0843718694737,-13.665502272307856
853745.9996263159,987730.9045894737,2281.7608937668424,-8.666415983495359
853845.2101526316,987783.0098526316,2421.868719801053,-12.482927687993072
855134.9469947369,988408.2730105263,2505.933415421579,-11.23347239018763
854936.5259421053,988043.536168421,2477.911850214737,-12.463106264682926
854539.6838368422,987887.2203789474,2449.890285007895,-12.866087104121458
855035.7364684211,987887.2203789474,2477.911850214737,-12.617302724646962
854936.5259421053,988043.536168421,2449.890285007895,-10.850533643264617
854440.4733105263,988356.1677473685,2449.890285007895,-11.367164553480087
854638.8943631579,987730.9045894737,2702.0843718694737,-14.17178976591411
854440.4733105263,988095.641431579,2393.8471545942107,-9.990459580897008
854242.0522578948,988460.3782736842,2533.9549806284213,-13.042838043940458
855035.7364684211,987626.6940631579,2561.976545835263,-12.404467758257741
854539.6838368422,987939.3256421053,2421.868719801053,-11.623253770804295
854638.8943631579,988095.641431579,2730.105937076316,-16.459352696188397
854440.4733105263,987678.7993263159,2505.933415421579,-13.575368041716532
854539.6838368422,987626.6940631579,2421.868719801053,-11.6409282311693
854341.2627842106,987887.2203789474,2533.9549806284213,-14.713863718874611
854638.8943631579,987835.1151157895,2618.0196762489477,-16.586038500738933
855035.7364684211,987991.4309052632,2702.0843718694737,-13.689869313627494
855134.9469947369,987887.2203789474,2505.933415421579,-13.606297406001152
854242.0522578948,988095.641431579,2477.911850214737,-14.005481393562054
855134.9469947369,988199.8519578947,2477.911850214737,-10.856609493727829
854440.4733105263,987574.5888,2477.911850214737,-12.191149701686534
854242.0522578948,988147.7466947369,2674.062806662632,-16.519916997124326
855234.1575210526,988564.5888,2533.9549806284213,-11.012176766402183
854837.3154157895,987730.9045894737,2477.911850214737,-13.389651808585777
855134.9469947369,988147.7466947369,2618.0196762489477,-16.866558335351495
854638.8943631579,987626.6940631579,2674.062806662632,-12.975236320453545
853745.9996263159,988356.1677473685,2449.890285007895,-12.050669123658553
853944.4206789475,988095.641431579,2449.890285007895,-14.6303442915951
854242.0522578948,987835.1151157895,2674.062806662632,-15.712032158474889
855134.9469947369,987939.3256421053,2561.976545835263,-14.978964015437896
854738.1048894738,988304.0624842106,2505.933415421579,-12.823346722538584
854539.6838368422,987887.2203789474,2589.9981110421054,-15.930465673229687
854440.4733105263,988460.3782736842,2561.976545835263,-13.79496983885759
854341.2627842106,987835.1151157895,2674.062806662632,-15.76743248941907
854440.4733105263,987887.2203789474,2477.911850214737,-14.288712977816532
854638.8943631579,987783.0098526316,2477.911850214737,-13.74856826283529
855134.9469947369,987678.7993263159,2477.911850214737,-12.829699416762281
854539.6838368422,987574.5888,2477.911850214737,-11.723204326107894
854638.8943631579,987991.4309052632,2674.062806662632,-16.616953476616818
854936.5259421053,987835.1151157895,2533.9549806284213,-13.947932692578535
855134.9469947369,988043.536168421,2674.062806662632,-13.567738155379871
854440.4733105263,987835.1151157895,2421.868719801053,-12.392126183809255
854043.6312052632,987939.3256421053,2421.868719801053,-13.089159326045754
854738.1048894738,988356.1677473685,2505.933415421579,-13.076646127682718
854738.1048894738,987887.2203789474,2421.868719801053,-11.550734330738756
854936.5259421053,988147.7466947369,2477.911850214737,-12.188487836990346
853944.4206789475,987783.0098526316,2337.8040241805265,-10.758150825070578
854142.841731579,987835.1151157895,2533.9549806284213,-14.182038990592263
854539.6838368422,988512.4835368422,2533.9549806284213,-13.02207254502244
853944.4206789475,987887.2203789474,2421.868719801053,-13.550066212117795
854242.0522578948,988304.0624842106,2505.933415421579,-14.045139434415677
854142.841731579,988199.8519578947,2533.9549806284213,-15.046058788503185
854440.4733105263,987835.1151157895,2674.062806662632,-16.327129780929287
854539.6838368422,988095.641431579,2702.0843718694737,-16.87000052733266
853944.4206789475,988460.3782736842,2421.868719801053,-13.087839218848739
854936.5259421053,988460.3782736842,2505.933415421579,-11.534132152948798
855333.3680473685,987626.6940631579,2533.9549806284213,-9.942122239691757
854539.6838368422,988043.536168421,2393.8471545942107,-9.906568956494585
855134.9469947369,987991.4309052632,2589.9981110421054,-15.810787216626668
854341.2627842106,988147.7466947369,2505.933415421579,-14.090822866079732
853845.2101526316,987939.3256421053,2365.8255893873684,-11.64035520402371
854837.3154157895,988043.536168421,2533.9549806284213,-13.967904758624348
854738.1048894738,987730.9045894737,2561.976545835263,-14.602507569342881
853745.9996263159,987991.4309052632,2365.8255893873684,-11.83687050073702
855234.1575210526,987730.9045894737,2561.976545835263,-13.224285760248716
854638.8943631579,988460.3782736842,2561.976545835263,-14.350268829947359
854043.6312052632,987835.1151157895,2533.9549806284213,-14.128639366033203
854738.1048894738,988199.8519578947,2561.976545835263,-14.820221191544228
854936.5259421053,988564.5888,2533.9549806284213,-12.185777770014333
855035.7364684211,988460.3782736842,2533.9549806284213,-12.642115074809114
855432.5785736842,987678.7993263159,2505.933415421579,-10.255134064168143
854341.2627842106,987730.9045894737,2730.105937076316,-14.26831634031858
854539.6838368422,987574.5888,2674.062806662632,-12.756759362883018
853944.4206789475,988147.7466947369,2393.8471545942107,-11.823956155555697
854242.0522578948,987783.0098526316,2365.8255893873684,-10.730643822129037
854440.4733105263,987730.9045894737,2730.105937076316,-14.686415624412447
854936.5259421053,987991.4309052632,2674.062806662632,-16.685712642499528
854142.841731579,988199.8519578947,2449.890285007895,-13.26256799231767
855035.7364684211,987991.4309052632,2589.9981110421054,-15.93965167532948
855432.5785736842,988356.1677473685,2533.9549806284213,-11.091291340695845
854638.8943631579,988095.641431579,2702.0843718694737,-16.86618513721157
853944.4206789475,988043.536168421,2393.8471545942107,-13.165213057078336
854142.841731579,987939.3256421053,2421.868719801053,-12.468879494151123
854837.3154157895,988043.536168421,2618.0196762489477,-15.929155298843005
854043.6312052632,987783.0098526316,2421.868719801053,-13.116707815890365
854142.841731579,987991.4309052632,2421.868719801053,-13.048553938934681
854043.6312052632,988356.1677473685,2477.911850214737,-13.98851456718482
854539.6838368422,988356.1677473685,2618.0196762489477,-16.183283716545866
854242.0522578948,987730.9045894737,2337.8040241805265,-9.514417834906803
854142.841731579,988147.7466947369,2589.9981110421054,-15.636884837704665
854440.4733105263,988304.0624842106,2589.9981110421054,-16.024658001405335
853845.2101526316,988408.2730105263,2449.890285007895,-13.034880971952976
854638.8943631579,987887.2203789474,2646.0412414557895,-16.962726751057797
855333.3680473685,987678.7993263159,2561.976545835263,-10.87127615564647
853745.9996263159,988199.8519578947,2449.890285007895,-12.624105958116226
855333.3680473685,988460.3782736842,2589.9981110421054,-11.955913250098487
854638.8943631579,988147.7466947369,2421.868719801053,-10.354930814165476
854142.841731579,987626.6940631579,2561.976545835263,-12.486305503429271
854440.4733105263,987574.5888,2533.9549806284213,-12.18247226629061
853745.9996263159,987783.0098526316,2337.8040241805265,-10.697534595774398
854539.6838368422,987730.9045894737,2589.9981110421054,-15.338300239491259
854341.2627842106,988460.3782736842,2589.9981110421054,-15.014274525539049
854341.2627842106,987574.5888,2589.9981110421054,-12.533289866245996
853944.4206789475,988356.1677473685,2533.9549806284213,-13.675891841503775
854738.1048894738,988304.0624842106,2674.062806662632,-16.680726557911765
854440.4733105263,987835.1151157895,2730.105937076316,-15.250591343919353
853845.2101526316,987887.2203789474,2421.868719801053,-14.38675867324129
854341.2627842106,987574.5888,2561.976545835263,-12.098578077726748
854738.1048894738,987783.0098526316,2505.933415421579,-13.807816722279949
854638.8943631579,987991.4309052632,2589.9981110421054,-15.952273412730522
854738.1048894738,987939.3256421053,2533.9549806284213,-14.233720708682247
854341.2627842106,988251.9572210526,2421.868719801053,-11.26198656487755
854837.3154157895,988564.5888,2533.9549806284213,-12.290460958374139
854043.6312052632,987783.0098526316,2477.911850214737,-14.03014026765241
854440.4733105263,988095.641431579,2505.933415421579,-14.042790258960617
854242.0522578948,988304.0624842106,2646.0412414557895,-16.513774102374743
853845.2101526316,988304.0624842106,2421.868719801053,-14.524815869257077
853845.2101526316,987991.4309052632,2421.868719801053,-14.822728858431258
854142.841731579,987574.5888,2477.911850214737,-11.751643664193972
854638.8943631579,987626.6940631579,2393.8471545942107,-10.929470555851655
854142.841731579,987991.4309052632,2646.0412414557895,-15.640346486251653
855234.1575210526,987626.6940631579,2589.9981110421054,-9.530913324364482
854936.5259421053,988199.8519578947,2477.911850214737,-11.540503906957793
854043.6312052632,988043.536168421,2561.976545835263,-16.05056705982621
854738.1048894738,988199.8519578947,2646.0412414557895,-17.113946113293487
854440.4733105263,987678.7993263159,2730.105937076316,-14.092429545234152
853944.4206789475,988043.536168421,2533.9549806284213,-14.759018425098727
854738.1048894738,988199.8519578947,2477.911850214737,-12.014740823288001
854539.6838368422,988564.5888,2477.911850214737,-12.219385734267075
855035.7364684211,988251.9572210526,2702.0843718694737,-15.27074019158593
853646.7891,988199.8519578947,2337.8040241805265,-8.469897952695113
854837.3154157895,988095.641431579,2589.9981110421054,-15.685150645761727
854936.5259421053,988095.641431579,2589.9981110421054,-15.958807470583347
854341.2627842106,988356.1677473685,2449.890285007895,-12.150935336179627
855333.3680473685,988356.1677473685,2561.976545835263,-12.461907137223132
853944.4206789475,987678.7993263159,2393.8471545942107,-11.729595873121987
854043.6312052632,987939.3256421053,2477.911850214737,-14.673861587667703
854738.1048894738,987626.6940631579,2674.062806662632,-11.760684821800687
855134.9469947369,988147.7466947369,2646.0412414557895,-15.158225204490076
855035.7364684211,987730.9045894737,2561.976545835263,-14.254113035545398
855035.7364684211,988408.2730105263,2477.911850214737,-10.122270604576052
854539.6838368422,988043.536168421,2449.890285007895,-12.700330611341883
854539.6838368422,987991.4309052632,2730.105937076316,-16.654255471151128
855035.7364684211,988043.536168421,2561.976545835263,-14.887917349203512
854440.4733105263,987678.7993263159,2421.868719801053,-12.242626099575448
855234.1575210526,988408.2730105263,2646.0412414557895,-12.133288124057062
854142.841731579,988251.9572210526,2449.890285007895,-13.748745368972617
854440.4733105263,987678.7993263159,2393.8471545942107,-11.677696562752018
854440.4733105263,987887.2203789474,2730.105937076316,-15.529515390700713
854440.4733105263,988147.7466947369,2449.890285007895,-12.58335963924213
854341.2627842106,987887.2203789474,2561.976545835263,-15.336858370595484
855035.7364684211,988564.5888,2505.933415421579,-11.182701799656463
855234.1575210526,987887.2203789474,2618.0196762489477,-12.625387168753287
854242.0522578948,987783.0098526316,2589.9981110421054,-14.690287228086227
854043.6312052632,988147.7466947369,2477.911850214737,-14.247120065323378
853845.2101526316,987939.3256421053,2393.8471545942107,-13.02282604161831
855333.3680473685,988251.9572210526,2505.933415421579,-11.7235436896532
854936.5259421053,988304.0624842106,2561.976545835263,-14.710561603692385
854142.841731579,987783.0098526316,2646.0412414557895,-13.22898202246294
854142.841731579,987887.2203789474,2337.8040241805265,-9.5540116418421
854837.3154157895,987887.2203789474,2561.976545835263,-14.795231225785553
854341.2627842106,988512.4835368422,2589.9981110421054,-14.315016619071733
854738.1048894738,988356.1677473685,2449.890285007895,-10.524399715607272
854638.8943631579,987730.9045894737,2449.890285007895,-12.915281684908082
854638.8943631579,988356.1677473685,2618.0196762489477,-16.663681721503313
855333.3680473685,987991.4309052632,2533.9549806284213,-13.003149780450682
854043.6312052632,988304.0624842106,2421.868719801053,-12.767881288086302
854936.5259421053,988408.2730105263,2533.9549806284213,-13.077869461645168
854837.3154157895,987887.2203789474,2477.911850214737,-13.37247847530096
854043.6312052632,987835.1151157895,2505.933415421579,-13.723551702974719
853845.2101526316,987835.1151157895,2449.890285007895,-11.952827491289174
854539.6838368422,988408.2730105263,2646.0412414557895,-16.45959263561481
855134.9469947369,988356.1677473685,2561.976545835263,-13.806414737097468
853944.4206789475,987835.1151157895,2337.8040241805265,-10.113518709651668
854738.1048894738,987991.4309052632,2674.062806662632,-16.77667869993335
854539.6838368422,988199.8519578947,2702.0843718694737,-16.517062782044572
855333.3680473685,988147.7466947369,2589.9981110421054,-12.079452523374814
854638.8943631579,987783.0098526316,2674.062806662632,-16.276336960584604
854043.6312052632,987835.1151157895,2561.976545835263,-14.38457406718583
855035.7364684211,987939.3256421053,2505.933415421579,-13.327455249562341
855234.1575210526,988199.8519578947,2561.976545835263,-14.311417615806745
855134.9469947369,987574.5888,2561.976545835263,-10.512151308334012
854738.1048894738,987939.3256421053,2589.9981110421054,-15.923229828692444
854738.1048894738,988095.641431579,2561.976545835263,-15.050269384404654
854539.6838368422,987991.4309052632,2533.9549806284213,-14.705117242288102
853845.2101526316,987783.0098526316,2449.890285007895,-10.710792858660275
854837.3154157895,987678.7993263159,2674.062806662632,-11.391436233353218
855531.7891,987887.2203789474,2533.9549806284213,-9.310160396071709
853845.2101526316,988512.4835368422,2421.868719801053,-12.781762214253275
854936.5259421053,988095.641431579,2730.105937076316,-15.806685465214255
854440.4733105263,988043.536168421,2421.868719801053,-11.296125176126061
854341.2627842106,987730.9045894737,2421.868719801053,-12.54910603489547
855134.9469947369,987939.3256421053,2646.0412414557895,-13.732004573865336
854242.0522578948,987678.7993263159,2449.890285007895,-13.008548927398374
854341.2627842106,987678.7993263159,2589.9981110421054,-14.12195473566849
855234.1575210526,988408.2730105263,2618.0196762489477,-13.87871902859597
854440.4733105263,988251.9572210526,2674.062806662632,-16.56247471201062
853845.2101526316,987835.1151157895,2337.8040241805265,-10.545567010229192
854837.3154157895,988512.4835368422,2589.9981110421054,-14.492739486357078
853944.4206789475,987678.7993263159,2449.890285007895,-12.792214089313697
854936.5259421053,987991.4309052632,2561.976545835263,-14.972938358011731
854043.6312052632,987678.7993263159,2365.8255893873684,-10.985930088368926
855134.9469947369,988043.536168421,2561.976545835263,-14.69878762780656
854837.3154157895,988043.536168421,2730.105937076316,-16.08805398082861
854341.2627842106,987783.0098526316,2421.868719801053,-12.575689495027373
855234.1575210526,988043.536168421,2533.9549806284213,-13.94566834535678
854638.8943631579,987626.6940631579,2421.868719801053,-11.227372038090632
854638.8943631579,988043.536168421,2618.0196762489477,-16.625036458521944
855035.7364684211,988408.2730105263,2561.976545835263,-13.796281652891642
854539.6838368422,987991.4309052632,2702.0843718694737,-16.407286929157923
853845.2101526316,987730.9045894737,2309.7824589736842,-9.949868734659832
854738.1048894738,988147.7466947369,2702.0843718694737,-16.71992204203277
854738.1048894738,987991.4309052632,2730.105937076316,-16.14325500387753
854440.4733105263,988043.536168421,2646.0412414557895,-15.930298631780827
854638.8943631579,987574.5888,2589.9981110421054,-13.304440573815132
854638.8943631579,988147.7466947369,2674.062806662632,-16.73182262664083
853646.7891,987835.1151157895,2309.7824589736842,-9.139793419417622
855333.3680473685,987835.1151157895,2533.9549806284213,-12.238644541226597
853944.4206789475,987887.2203789474,2337.8040241805265,-10.235325188325966
854341.2627842106,987835.1151157895,2646.0412414557895,-16.34420151416901
853944.4206789475,987783.0098526316,2365.8255893873684,-11.532948020952597
854043.6312052632,988304.0624842106,2505.933415421579,-13.887604051205802
855333.3680473685,987939.3256421053,2589.9981110421054,-12.061628767251326
855134.9469947369,987626.6940631579,2449.890285007895,-11.228405823475072
854341.2627842106,988147.7466947369,2646.0412414557895,-16.26875559207745
855333.3680473685,987887.2203789474,2505.933415421579,-12.397229631287276
853845.2101526316,987678.7993263159,2309.7824589736842,-10.034937135404398
855134.9469947369,988304.0624842106,2674.062806662632,-14.290070283960091
854539.6838368422,988095.641431579,2449.890285007895,-12.301249853920583
854242.0522578948,988251.9572210526,2449.890285007895,-13.6406171362464
855035.7364684211,987678.7993263159,2449.890285007895,-12.380087033995217
854142.841731579,987730.9045894737,2365.8255893873684,-11.275132606351368
855432.5785736842,987730.9045894737,2505.933415421579,-10.525212353811263
854837.3154157895,988408.2730105263,2618.0196762489477,-16.565601710256562
854738.1048894738,988095.641431579,2730.105937076316,-16.3451681405998
854936.5259421053,987835.1151157895,2674.062806662632,-14.171970707100206
854440.4733105263,988564.5888,2505.933415421579,-12.406424991016769
854738.1048894738,988043.536168421,2449.890285007895,-11.512616802711609
855035.7364684211,988304.0624842106,2477.911850214737,-10.557689597053228
854638.8943631579,988512.4835368422,2561.976545835263,-13.425300087469248
854242.0522578948,987783.0098526316,2505.933415421579,-14.419587373199768
854638.8943631579,988304.0624842106,2702.0843718694737,-16.359205908015266
855333.3680473685,988199.8519578947,2618.0196762489477,-10.919289162521633
854837.3154157895,987939.3256421053,2449.890285007895,-11.973948300878119
854242.0522578948,987835.1151157895,2449.890285007895,-14.28306954107046
854341.2627842106,987678.7993263159,2618.0196762489477,-14.471487714591742
855432.5785736842,988408.2730105263,2561.976545835263,-10.683114344492845
